alx,aly,alz,glx,gly,glz,arx,ary,arz,grx,gry,grz
0.34066,-9.7139,0.88229,0.5102,-0.86116,-0.53438,-5.4266,-7.4131,3.6918,0.18235,-0.72074,0.41379
