alx,aly,alz,glx,gly,glz,arx,ary,arz,grx,gry,grz
1.0376,-13.161,-0.22057,-0.31354,-0.4728,-0.0019646,-5.0294,-10.565,2.503,-0.3902,-0.30801,-0.22629
