alx,aly,alz,glx,gly,glz,arx,ary,arz,grx,gry,grz
2.6493,-9.4517,0.37683,-0.20965,-0.88931,-0.50884,-2.8439,-9.0618,1.8177,-0.058824,-0.93429,-0.34483
