alx,aly,alz,glx,gly,glz,arx,ary,arz,grx,gry,grz
3.4502,1.6535,8.9193,0.38033,0.66979,0.36542,-7.2524,1.5158,6.5758,-0.20196,0.72279,0.76724
