alx,aly,alz,glx,gly,glz,arx,ary,arz,grx,gry,grz
2.1849,-9.6967,0.63077,0.1039,-0.84053,-0.68762,-8.6499,-4.5781,0.18776,-0.44902,-1.0103,0.034483
