alx,aly,alz,glx,gly,glz,arx,ary,arz,grx,gry,grz
4.1823,-9.5796,-0.53091,0.62338,-0.55347,0.39489,-4.5576,-10.184,1.6471,-0.56667,-0.65298,0.72629
