alx,aly,alz,glx,gly,glz,arx,ary,arz,grx,gry,grz
0.68796,-9.6936,0.93887,-0.46568,-0.69231,0.46955,-2.6291,-6.9239,2.6121,-0.9098,-0.47639,0.33621
